StatisticsProfileDate,CovidCasesConfirmed,HospitalisedCovidCases,RequiringICUCovidCases,HealthcareWorkersCovidCases,ClustersNotified,HospitalisedAged5,HospitalisedAged5to14,HospitalisedAged15to24,HospitalisedAged25to34,HospitalisedAged35to44,HospitalisedAged45to54,HospitalisedAged55to64,HospitalisedAged65up,Male,Female,Unknown,Aged1to4,Aged5to14,Aged15to24,Aged25to34,Aged35to44,Aged45to54,Aged55to64,Aged65up,Median_Age,CommunityTransmission,CloseContact,TravelAbroad,FID,HospitalisedAged65to74,HospitalisedAged75to84,HospitalisedAged85up,Aged65to74,Aged75to84,Aged85up
23/03/2020,1149,316,59,304,63,2,3,16,40,31,57,53,114,634,515,0,5,19,91,227,213,227,161,206,46,0,0,0,24,43,46,25,83,78,45
24/03/2020,1369,362,68,341,66,2,3,16,41,33,66,62,139,747,622,0,8,21,108,264,246,279,193,250,48,0,0,0,25,55,55,29,108,90,52
25/03/2020,1617,434,77,402,79,3,4,17,46,44,71,73,176,867,750,0,10,24,120,309,303,316,230,303,47,0,0,0,26,68,69,39,131,108,64
26/03/2020,1879,524,94,490,91,3,4,19,50,50,88,83,227,1002,877,0,14,24,133,357,351,364,266,368,48,0,0,0,27,88,91,48,158,134,76
27/03/2020,2188,615,112,612,103,4,5,20,59,58,106,97,266,1136,1052,0,15,27,152,406,414,428,309,435,47,0,0,0,28,107,107,52,191,160,84
28/03/2020,2446,703,125,678,111,4,5,22,66,68,115,112,310,1240,1206,0,15,27,168,446,463,463,356,505,50,0,0,0,29,114,133,63,209,197,99
29/03/2020,2640,759,136,756,118,5,5,22,67,70,126,122,341,1318,1322,0,17,28,175,474,495,499,394,555,50,0,0,0,30,124,144,73,228,211,116
30/03/2020,2943,859,149,847,134,6,5,25,71,77,140,136,398,1450,1493,0,19,28,190,513,541,553,436,660,54,0,0,0,31,143,173,82,260,260,140
31/03/2020,3233,940,164,960,160,6,5,27,76,86,152,148,439,1568,1665,0,19,29,211,558,607,603,475,727,47,0,0,0,32,156,193,90,281,290,156
01/04/2020,3599,1059,182,1112,171,6,5,30,81,101,165,166,504,1745,1854,0,20,29,229,612,675,685,530,815,49,0,0,0,33,182,219,103,317,322,176
02/04/2020,3959,1150,197,1262,206,6,5,31,83,106,182,180,556,1896,2063,0,21,32,249,670,742,759,577,905,49,0,0,0,34,199,243,114,347,358,200
03/04/2020,4386,1253,211,1419,236,7,5,31,89,112,191,197,620,2065,2321,0,24,34,264,739,799,823,640,1059,55,0,0,0,35,219,264,137,396,406,257
04/04/2020,4849,1348,217,1627,260,7,5,31,96,119,202,208,679,2226,2623,0,24,35,281,808,892,901,688,1214,51,0,0,0,36,239,292,148,438,468,308
05/04/2020,5526,1423,226,1786,270,7,5,31,100,126,212,221,720,2581,2945,0,30,38,341,935,1037,1041,786,1312,44,0,0,0,37,252,312,156,481,506,325
06/04/2020,5911,1518,239,1899,299,7,5,31,103,133,230,234,774,2752,3159,0,30,41,358,997,1104,1110,837,1428,52,0,0,0,38,272,327,175,520,546,362
07/04/2020,6375,1571,247,2121,317,9,5,32,105,135,239,242,803,2930,3445,0,33,43,378,1089,1167,1212,913,1534,49,0,0,0,39,279,340,184,546,589,399
08/04/2020,6988,1683,267,2372,339,11,5,33,112,143,255,264,859,3191,3797,0,36,45,416,1204,1294,1329,1002,1656,46,0,0,0,40,296,360,203,587,629,440
09/04/2020,7686,1772,279,2634,356,12,5,35,115,148,261,279,916,3464,4222,0,39,52,464,1322,1405,1466,1124,1808,49,0,0,0,41,318,383,215,648,678,482
10/04/2020,8391,1833,290,2909,382,12,5,38,119,150,272,289,947,3763,4628,0,44,56,518,1461,1545,1594,1237,1930,45,0,0,0,42,324,397,226,684,721,525
11/04/2020,9360,1907,299,3244,401,13,5,38,121,156,282,298,993,4208,5152,0,47,67,585,1628,1737,1793,1396,2100,46,0,0,0,43,344,413,236,762,771,567
12/04/2020,10253,1964,307,3480,408,13,5,39,125,162,289,305,1025,4596,5657,0,54,80,664,1786,1905,1962,1508,2287,46,0,0,0,44,347,428,250,811,843,633
13/04/2020,11119,2022,311,3671,413,14,5,39,127,170,299,308,1059,4993,6126,0,59,94,727,1927,2059,2133,1621,2492,48,0,0,0,45,359,444,256,874,911,707
14/04/2020,12249,2084,316,3927,425,14,5,40,129,173,304,318,1100,5493,6756,0,70,122,798,2119,2285,2363,1782,2703,46,0,0,0,46,373,457,270,946,971,786
15/04/2020,12829,2141,324,4137,436,14,6,42,132,180,309,326,1131,5732,7097,0,70,134,835,2202,2384,2468,1875,2853,50,0,0,0,47,383,470,278,986,1022,845
16/04/2020,13550,2234,332,4411,454,14,7,44,136,185,323,340,1184,6005,7545,0,75,140,882,2300,2490,2625,1982,3048,51,0,0,0,48,408,489,287,1045,1089,914
17/04/2020,14403,2302,338,4682,472,14,8,47,140,189,332,352,1219,6355,8048,0,77,152,943,2440,2628,2790,2092,3272,49,0,0,0,49,424,498,297,1109,1166,997
18/04/2020,14958,2339,339,4871,478,14,8,48,144,192,335,356,1241,6549,8409,0,81,159,989,2526,2710,2909,2152,3423,49,0,0,0,50,430,509,302,1145,1211,1067
19/04/2020,15224,2371,340,4943,491,14,8,48,145,197,339,356,1263,6644,8580,0,81,159,999,2550,2746,2937,2173,3570,77,0,0,0,51,438,517,308,1165,1268,1137
20/04/2020,15619,2413,346,5053,507,14,8,49,147,199,340,365,1290,6804,8815,0,85,166,1029,2603,2805,2999,2217,3706,53,0,0,0,52,445,530,315,1196,1309,1201
21/04/2020,16129,2454,354,5237,522,14,8,49,148,204,344,373,1313,6978,9151,0,86,170,1058,2667,2881,3078,2271,3909,55,0,0,0,53,453,539,321,1232,1377,1300
22/04/2020,17075,2509,362,5565,548,14,8,51,153,211,353,377,1341,7316,9759,0,89,173,1117,2788,2990,3229,2365,4315,59,0,0,0,54,460,558,323,1303,1521,1491
23/04/2020,17612,2556,367,5747,567,14,8,51,153,214,358,384,1373,7507,10105,0,90,177,1149,2854,3066,3299,2415,4553,58,0,0,0,55,469,572,332,1345,1617,1591
24/04/2020,18061,2598,376,5928,601,14,8,51,153,217,361,394,1399,7644,10417,0,90,180,1180,2927,3128,3354,2466,4727,55,0,0,0,56,471,584,344,1370,1672,1685
25/04/2020,18725,2644,379,6125,604,14,8,52,157,220,369,398,1425,7907,10818,0,94,187,1225,3018,3232,3476,2517,4967,51,0,0,0,57,479,591,355,1424,1762,1781
26/04/2020,19124,2685,381,6252,608,14,8,53,157,222,370,406,1454,8051,11073,0,95,192,1258,3066,3285,3525,2553,5141,57,0,0,0,58,482,600,372,1447,1821,1873
27/04/2020,19491,2723,383,6382,620,15,8,53,164,226,371,410,1475,8206,11285,0,97,196,1291,3123,3348,3589,2589,5249,49,0,0,0,59,484,613,378,1460,1866,1923
28/04/2020,19857,2754,386,6523,630,15,8,53,165,228,376,411,1497,8336,11521,0,98,200,1319,3174,3409,3653,2633,5362,50,0,0,0,60,497,616,384,1490,1901,1971
29/04/2020,20253,2806,389,6637,646,16,9,55,169,229,380,416,1531,8521,11732,0,100,205,1357,3246,3463,3708,2673,5491,50,0,0,0,61,507,629,395,1521,1948,2022
30/04/2020,20524,2827,390,6729,676,16,9,55,170,229,383,419,1545,8627,11897,0,100,206,1378,3292,3507,3759,2705,5567,51,0,0,0,62,514,632,399,1540,1973,2054
01/05/2020,20875,2870,392,6843,694,18,12,56,170,231,391,425,1566,8781,12094,0,107,215,1415,3352,3566,3819,2743,5648,45,0,0,0,63,516,642,408,1558,2005,2085
02/05/2020,21258,2890,392,6950,703,18,13,56,172,234,394,427,1575,8993,12264,1,109,223,1458,3443,3644,3880,2790,5701,40,0,0,0,64,518,647,410,1574,2021,2106
03/05/2020,21463,2913,395,7007,706,18,14,58,174,238,397,429,1584,9095,12367,1,110,230,1473,3479,3690,3914,2818,5738,44,0,0,0,65,518,652,414,1585,2035,2118
04/05/2020,21712,2927,397,7070,710,18,14,59,174,238,400,430,1593,9226,12485,1,113,236,1493,3537,3742,3958,2841,5781,41,0,0,0,66,521,657,415,1598,2054,2129
05/05/2020,21993,2947,401,7151,733,18,15,63,174,240,400,433,1603,9371,12621,1,116,240,1529,3598,3807,4000,2872,5820,39,0,0,0,67,524,660,419,1608,2067,2145
06/05/2020,22130,2969,404,7211,737,18,17,63,174,240,401,437,1618,9427,12701,2,116,242,1541,3616,3829,4035,2891,5848,49,0,0,0,68,529,666,423,1617,2077,2154
07/05/2020,22316,2985,404,7271,746,18,17,63,175,240,402,439,1630,9505,12809,2,116,244,1562,3653,3866,4056,2913,5894,44,0,0,0,69,534,671,425,1633,2093,2168
08/05/2020,22474,3008,406,7337,750,18,17,63,177,242,406,440,1644,9570,12902,2,118,250,1576,3684,3892,4078,2931,5933,45,0,0,0,70,539,676,429,1646,2110,2177
09/05/2020,22735,3025,407,7453,755,19,17,64,178,242,407,441,1656,9662,13071,2,120,257,1597,3727,3943,4121,2968,5990,46,0,0,0,71,541,682,433,1662,2129,2199
10/05/2020,22916,3036,408,7510,759,19,17,64,178,242,408,442,1665,9734,13180,2,120,259,1616,3757,3971,4146,2993,6042,50,0,0,0,72,543,686,436,1673,2144,2225
11/05/2020,23001,3050,408,7534,766,19,17,64,181,243,410,442,1673,9770,13229,2,121,262,1625,3775,3987,4162,2998,6059,41,0,0,0,73,546,690,437,1681,2149,2229
12/05/2020,23125,3059,411,7577,766,19,17,64,182,244,410,447,1675,9831,13292,2,124,265,1635,3803,4008,4178,3014,6086,43,0,0,0,74,546,692,437,1688,2160,2238
13/05/2020,23488,3076,414,7815,781,19,17,64,184,246,412,451,1682,9989,13496,3,127,265,1681,3912,4087,4248,3052,6104,38,0,0,0,75,547,694,441,1695,2167,2242
14/05/2020,23721,3098,415,7881,784,19,17,64,186,250,415,457,1689,10112,13606,3,127,266,1699,3970,4160,4287,3080,6120,40,0,0,0,76,550,697,442,1702,2172,2246
15/05/2020,23826,3105,416,7907,800,19,17,64,186,252,416,457,1693,10171,13652,3,129,269,1709,3993,4187,4304,3084,6139,39,0,0,0,77,551,698,444,1709,2180,2250
16/05/2020,23910,3112,417,7938,805,19,17,64,186,252,416,461,1696,10203,13704,3,131,269,1716,4021,4203,4314,3088,6156,37,0,0,0,78,553,698,445,1714,2184,2258
17/05/2020,24040,3120,418,7975,806,19,17,65,187,252,417,461,1701,10264,13773,3,133,274,1739,4045,4232,4331,3103,6171,39,0,0,0,79,555,699,447,1718,2191,2262
18/05/2020,24082,3133,421,7989,810,19,17,65,188,253,420,462,1708,10279,13800,3,134,276,1744,4049,4242,4339,3107,6179,44,0,0,0,80,558,700,450,1721,2192,2266
19/05/2020,24157,3145,421,8013,814,19,17,65,188,254,422,465,1714,10311,13843,3,136,277,1755,4063,4256,4350,3113,6195,41,0,0,0,81,559,702,453,1725,2198,2272
20/05/2020,24232,3164,425,8036,823,19,17,65,189,254,423,470,1726,10348,13881,3,136,280,1758,4073,4272,4358,3125,6218,55,0,0,0,82,565,707,454,1738,2206,2274
21/05/2020,24327,3179,428,8053,829,19,17,66,189,255,424,471,1737,10387,13937,3,140,287,1764,4090,4288,4379,3129,6238,43,0,0,0,83,568,710,459,1745,2210,2283
22/05/2020,24442,3189,429,8077,844,19,17,66,191,256,426,473,1740,10436,14003,3,144,290,1786,4114,4309,4393,3141,6253,37,0,0,0,84,569,712,459,1748,2215,2290
23/05/2020,24481,3195,429,8087,846,19,17,67,192,257,426,473,1743,10457,14021,3,145,291,1792,4119,4320,4398,3144,6260,42,0,0,0,85,569,715,459,1749,2219,2292
24/05/2020,24521,3199,429,8095,846,19,17,67,192,257,427,473,1746,10482,14036,3,146,293,1797,4122,4323,4409,3149,6270,50,0,0,0,86,570,717,459,1753,2221,2296
25/05/2020,24626,3211,432,8127,846,19,17,67,193,257,429,475,1753,10524,14099,3,147,296,1805,4145,4336,4427,3167,6291,48,0,0,0,87,571,722,460,1758,2235,2298
26/05/2020,24694,3219,433,8155,850,19,17,67,194,257,430,476,1758,10548,14143,3,149,303,1813,4152,4351,4436,3174,6304,42,0,0,0,88,571,724,463,1759,2240,2305
27/05/2020,24734,3222,433,8168,856,19,17,67,194,258,431,476,1759,10563,14168,3,150,304,1816,4159,4358,4444,3178,6313,50,0,0,0,89,571,725,463,1764,2241,2308
28/05/2020,24771,3227,433,8172,861,19,17,67,194,260,431,477,1761,10577,14191,3,152,306,1816,4161,4364,4452,3183,6325,53,0,0,0,90,572,726,463,1765,2247,2313
29/05/2020,24826,3237,433,8189,866,19,17,67,194,261,432,478,1768,10600,14223,3,152,307,1818,4170,4376,4460,3186,6345,49,0,0,0,91,576,727,465,1771,2251,2323
30/05/2020,24892,3239,433,8193,866,19,17,67,194,261,433,478,1769,10642,14247,3,153,308,1825,4182,4391,4473,3193,6355,43,0,0,0,92,577,727,465,1775,2254,2326
31/05/2020,24967,3243,433,8218,867,19,17,68,194,261,434,479,1770,10671,14293,3,155,316,1837,4192,4399,4487,3202,6367,38,0,0,0,93,578,727,465,1780,2254,2333
01/06/2020,24977,3247,433,8219,872,19,17,68,194,261,434,479,1774,10677,14297,3,155,316,1838,4194,4399,4488,3202,6373,65,0,0,0,94,580,728,466,1783,2256,2334
02/06/2020,25017,3258,433,8228,876,19,17,68,194,263,435,481,1780,10693,14321,3,155,318,1839,4196,4408,4496,3210,6383,50,0,0,0,95,582,731,467,1786,2262,2335
03/06/2020,25053,3259,433,8237,880,19,17,68,194,263,435,481,1781,10713,14337,3,157,318,1844,4201,4415,4507,3215,6384,41,0,0,0,96,582,732,467,1786,2263,2335
04/06/2020,25079,3263,433,8243,885,19,17,68,194,263,435,482,1784,10724,14352,3,160,320,1848,4205,4417,4510,3216,6391,35,0,0,0,97,583,733,468,1789,2264,2338
05/06/2020,25101,3266,433,8254,888,19,17,68,194,263,435,483,1786,10732,14366,3,160,320,1852,4210,4421,4514,3217,6395,44,0,0,0,98,583,735,468,1789,2267,2339
06/06/2020,25124,3268,433,8265,891,19,17,68,194,263,436,483,1787,10742,14379,3,160,320,1858,4213,4425,4519,3219,6398,42,0,0,0,99,584,735,468,1790,2268,2340
07/06/2020,25133,3269,433,8269,892,19,17,68,194,264,436,483,1787,10748,14382,3,160,320,1858,4215,4428,4522,3219,6399,43,0,0,0,100,584,735,468,1791,2268,2340
08/06/2020,25142,3271,433,8270,887,19,17,68,194,264,436,484,1788,10755,14384,3,160,320,1860,4215,4429,4524,3222,6400,51,0,0,0,101,584,735,469,1791,2268,2341
09/06/2020,25160,3273,433,8274,901,19,17,68,195,265,436,484,1788,10762,14395,3,161,320,1865,4218,4432,4526,3222,6404,42,0,0,0,102,584,735,469,1791,2269,2344
10/06/2020,25168,3274,433,8275,917,19,17,68,195,265,436,484,1789,10765,14400,3,162,320,1866,4220,4433,4527,3222,6406,44,0,0,0,103,585,735,469,1792,2269,2345
11/06/2020,25181,3275,433,8277,941,19,17,68,195,265,436,484,1790,10768,14410,3,164,320,1867,4222,4433,4528,3222,6413,68,0,0,0,104,586,735,469,1795,2270,2348
12/06/2020,25226,3278,433,8286,970,19,17,68,196,265,436,485,1791,10788,14435,3,166,323,1871,4230,4442,4536,3226,6420,43,0,0,0,105,586,735,470,1796,2274,2350
13/06/2020,25234,3279,433,8288,976,19,17,68,196,265,436,485,1792,10792,14439,3,166,323,1873,4232,4442,4537,3226,6423,43,0,0,0,106,586,736,470,1796,2277,2350
14/06/2020,25252,3280,433,8295,976,20,17,68,196,265,436,485,1792,10799,14450,3,168,324,1874,4233,4445,4541,3229,6426,42,0,0,0,107,586,736,470,1797,2277,2352
15/06/2020,25266,3283,434,8299,981,20,17,68,196,266,437,485,1793,10805,14458,3,169,325,1874,4234,4448,4545,3229,6430,47,0,0,0,108,586,736,471,1797,2278,2355
16/06/2020,25274,3283,434,8301,1005,20,17,68,196,266,437,485,1793,10808,14463,3,169,325,1875,4236,4449,4546,3230,6432,35,0,0,0,109,586,736,471,1798,2279,2355
17/06/2020,25290,3284,434,8308,1031,20,17,68,197,266,437,485,1793,10817,14470,3,169,326,1877,4240,4452,4549,3231,6434,38,0,0,0,110,586,736,471,1798,2281,2355
18/06/2020,25303,3285,434,8310,1033,20,17,68,197,267,437,485,1793,10824,14476,3,169,327,1878,4243,4454,4551,3231,6438,43,0,0,0,111,586,736,471,1799,2281,2358
19/06/2020,25324,3285,434,8315,1036,20,17,68,197,267,437,485,1793,10834,14487,3,169,327,1883,4247,4457,4554,3234,6441,39,0,0,0,112,586,736,471,1801,2282,2358
20/06/2020,25329,3285,434,8315,1069,20,17,68,197,267,437,485,1793,10835,14491,3,169,327,1883,4248,4459,4554,3234,6443,40,0,0,0,113,586,736,471,1801,2282,2360
21/06/2020,25333,3286,434,8317,1100,20,17,68,197,267,438,485,1793,10837,14493,3,169,327,1884,4249,4459,4556,3234,6443,38,0,0,0,114,586,736,471,1801,2282,2360
22/06/2020,25343,3287,434,8319,1212,20,17,68,197,268,438,485,1793,10841,14499,3,169,328,1884,4250,4462,4556,3238,6444,48,0,0,0,115,586,736,471,1801,2282,2361
23/06/2020,25347,3290,434,8320,1321,20,17,68,197,268,438,486,1795,10843,14501,3,169,328,1884,4250,4463,4556,3239,6446,68,0,0,0,116,587,736,472,1802,2282,2362
24/06/2020,25356,3290,434,8321,1339,20,17,68,197,268,438,486,1795,10846,14507,3,169,328,1885,4251,4464,4556,3241,6450,57,0,0,0,117,587,736,472,1802,2284,2364
25/06/2020,25367,3290,434,8323,1339,20,17,68,197,268,438,486,1795,10853,14511,3,169,328,1887,4254,4468,4557,3241,6451,37,0,0,0,118,587,736,472,1803,2284,2364
26/06/2020,25387,3291,434,8333,1339,20,17,68,197,268,439,486,1795,10863,14521,3,169,328,1889,4262,4472,4561,3241,6453,34,0,0,0,119,587,736,472,1803,2285,2365
27/06/2020,25390,3292,434,8333,1429,20,17,69,197,268,439,486,1795,10864,14523,3,170,328,1891,4262,4472,4561,3241,6453,21,0,0,0,120,587,736,472,1803,2285,2365
28/06/2020,25414,3295,434,8338,1429,20,17,69,197,269,439,486,1797,10871,14540,3,171,328,1894,4267,4475,4564,3243,6460,43,0,0,0,121,588,737,472,1805,2289,2366
29/06/2020,25425,3296,434,8342,1687,20,17,69,197,269,439,486,1798,10877,14545,3,171,329,1896,4271,4477,4565,3243,6461,27,0,0,0,122,588,738,472,1805,2290,2366
30/06/2020,25431,3297,434,8345,1687,20,17,69,198,269,439,486,1798,10877,14551,3,171,329,1896,4272,4478,4566,3244,6463,51,0,0,0,123,588,738,472,1805,2290,2368
01/07/2020,25446,3298,435,8348,1772,20,17,69,198,269,439,486,1799,10885,14558,3,171,329,1900,4277,4479,4569,3245,6464,32,0,0,0,124,588,739,472,1805,2291,2368
02/07/2020,25455,3300,435,8349,1809,21,18,69,198,269,439,486,1799,10892,14560,3,173,330,1900,4281,4480,4569,3246,6464,26,0,0,0,125,588,739,472,1805,2291,2368
03/07/2020,25466,3300,435,8351,1823,21,18,69,198,269,439,486,1799,10900,14563,3,174,330,1900,4283,4483,4573,3247,6464,43,0,0,0,126,588,739,472,1805,2291,2368
04/07/2020,25483,3301,436,8358,1823,21,18,69,198,269,440,486,1799,10909,14571,3,175,331,1901,4285,4488,4576,3249,6466,41,0,0,0,127,588,739,472,1805,2293,2368
05/07/2020,25486,3301,436,8360,1827,21,18,69,198,269,440,486,1799,10909,14574,3,175,331,1901,4286,4489,4576,3250,6466,39,0,0,0,128,588,739,472,1805,2293,2368
06/07/2020,25510,3302,436,8373,1860,21,18,69,198,270,440,486,1799,10918,14589,3,176,331,1904,4291,4497,4578,3253,6468,38,0,0,0,129,588,739,472,1806,2294,2368
07/07/2020,25521,3303,436,8379,1884,22,18,69,198,270,440,486,1799,10922,14596,3,177,331,1907,4293,4498,4580,3254,6469,29,0,0,0,130,588,739,472,1806,2294,2369
08/07/2020,25544,3303,436,8382,1896,22,18,69,198,270,440,486,1799,10932,14609,3,178,333,1921,4296,4500,4580,3254,6470,23,0,0,0,131,588,739,472,1806,2295,2369
09/07/2020,25569,3304,436,8385,1920,22,18,69,198,271,440,486,1799,10942,14624,3,178,337,1932,4298,4505,4582,3254,6471,24,0,0,0,132,588,739,472,1807,2295,2369
10/07/2020,25592,3304,436,8388,1935,22,18,69,198,271,440,486,1799,10951,14638,3,179,338,1938,4303,4510,4585,3254,6473,31,0,0,0,133,588,739,472,1809,2295,2369
11/07/2020,25609,3304,436,8397,1935,22,18,69,198,271,440,486,1799,10958,14648,3,179,338,1939,4314,4512,4586,3255,6474,29,0,0,0,134,588,739,472,1810,2295,2369
12/07/2020,25620,3305,436,8402,1933,22,18,70,198,271,440,486,1799,10962,14655,3,179,338,1941,4317,4512,4588,3257,6476,47,0,0,0,135,588,739,472,1811,2296,2369
13/07/2020,25652,3309,437,8420,1976,22,18,70,198,271,440,488,1801,10973,14676,3,179,338,1943,4324,4517,4596,3262,6481,45,0,0,0,136,588,740,473,1812,2298,2371
14/07/2020,25665,3311,437,8426,2019,22,18,70,198,271,440,489,1802,10980,14682,3,179,338,1945,4328,4518,4600,3263,6482,38,0,0,0,137,589,740,473,1813,2298,2371
15/07/2020,25687,3312,437,8429,2101,22,18,70,198,271,441,489,1802,10992,14692,3,180,338,1947,4337,4522,4602,3263,6486,33,0,0,0,138,589,740,473,1816,2299,2371
16/07/2020,25720,3313,437,8433,2110,22,18,71,198,271,441,489,1802,11010,14707,3,183,339,1954,4345,4527,4604,3264,6491,32,0,0,0,139,589,740,473,1821,2299,2371
17/07/2020,25739,3313,437,8438,2146,22,18,71,198,271,441,489,1802,11019,14717,3,183,339,1958,4350,4528,4607,3266,6495,33,0,0,0,140,589,740,473,1824,2299,2372
18/07/2020,25748,3314,437,8441,2146,22,18,71,198,271,441,489,1803,11023,14722,3,183,339,1959,4352,4532,4607,3267,6496,36,0,0,0,141,589,741,473,1824,2300,2372
19/07/2020,25754,3314,437,8443,2146,22,18,71,198,271,441,489,1803,11025,14726,3,183,340,1959,4352,4534,4609,3268,6496,40,0,0,0,142,589,741,473,1824,2300,2372
20/07/2020,25788,3315,437,8450,2153,22,18,71,198,272,441,489,1803,11051,14734,3,183,341,1964,4358,4538,4620,3273,6498,46,0,0,0,143,589,741,473,1825,2301,2372
21/07/2020,25804,3316,437,8458,2226,22,18,72,198,272,441,489,1803,11058,14743,3,184,341,1965,4361,4541,4623,3274,6502,45,0,0,0,144,589,741,473,1826,2302,2374
22/07/2020,25811,3317,437,8460,2264,22,18,72,198,272,442,489,1803,11061,14747,3,184,341,1966,4363,4542,4624,3274,6504,48,0,0,0,145,589,741,473,1828,2302,2374
23/07/2020,25831,3318,437,8462,2274,22,18,72,198,272,442,490,1803,11070,14758,3,185,343,1969,4370,4546,4624,3275,6506,31,0,0,0,146,589,741,473,1830,2302,2374
24/07/2020,25854,3318,437,8469,2282,22,18,72,198,272,442,490,1803,11081,14770,3,186,343,1972,4376,4554,4629,3275,6506,36,0,0,0,147,589,741,473,1830,2302,2374
25/07/2020,25866,3320,437,8472,2282,23,18,73,198,272,442,490,1803,11086,14777,3,188,343,1975,4382,4554,4629,3276,6506,26,0,0,0,148,589,741,473,1830,2302,2374
26/07/2020,25876,3320,437,8474,2282,23,18,73,198,272,442,490,1803,11093,14780,3,188,344,1976,4384,4556,4631,3277,6507,37,0,0,0,149,589,741,473,1831,2302,2374
27/07/2020,25915,3322,438,8478,2291,23,18,73,198,272,442,492,1803,11113,14799,3,189,347,1983,4395,4563,4636,3280,6509,33,0,0,0,150,589,741,473,1832,2303,2374
28/07/2020,25929,3323,438,8480,2303,24,18,73,198,272,442,492,1803,11116,14810,3,191,348,1984,4403,4563,4636,3281,6510,29,0,0,0,151,589,741,473,1833,2303,2374
29/07/2020,26013,3324,438,8483,2307,24,18,73,198,273,442,492,1803,11169,14841,3,198,356,2003,4418,4572,4652,3286,6515,29,0,0,0,152,589,741,473,1835,2304,2376
30/07/2020,26053,3324,438,8484,2313,24,18,73,198,273,442,492,1803,11192,14858,3,198,358,2013,4431,4578,4658,3287,6517,31,0,0,0,153,589,741,473,1836,2304,2377
31/07/2020,26096,3326,438,8487,2318,24,18,73,199,273,443,492,1803,11212,14881,3,200,363,2019,4440,4588,4665,3289,6519,34,0,0,0,154,589,741,473,1837,2305,2377
01/08/2020,26149,3327,438,8492,2319,24,18,73,199,273,443,493,1803,11239,14907,3,206,369,2028,4452,4597,4669,3291,6524,30,0,0,0,155,589,741,473,1840,2307,2377
02/08/2020,26194,3329,438,8493,2321,24,18,73,200,273,443,493,1804,11266,14925,3,208,373,2036,4471,4602,4673,3293,6525,28,0,0,0,156,590,741,473,1841,2307,2377
03/08/2020,26238,3329,438,8494,2323,24,18,73,200,273,443,493,1804,11300,14935,3,209,373,2043,4488,4611,4680,3296,6525,32,0,0,0,157,590,741,473,1841,2307,2377
04/08/2020,26285,3330,438,8496,2326,24,18,73,200,273,444,493,1804,11329,14953,3,214,378,2054,4498,4618,4685,3298,6527,29,0,0,0,158,590,741,473,1841,2308,2378
05/08/2020,26355,3332,439,8497,2331,24,18,73,200,273,444,493,1806,11362,14990,3,216,382,2061,4518,4631,4702,3302,6530,36,0,0,0,159,591,742,473,1843,2309,2378
06/08/2020,26452,3335,440,8500,2331,24,18,73,200,274,445,493,1807,11420,15029,3,218,384,2075,4541,4656,4722,3310,6533,38,0,0,0,160,591,743,473,1845,2310,2378
07/08/2020,26622,3338,441,8506,2332,24,18,73,203,274,445,493,1807,11542,15077,3,222,390,2099,4589,4694,4746,3327,6542,35,0,0,0,161,591,743,473,1853,2311,2378
08/08/2020,26689,3338,441,8508,2336,24,18,73,203,274,445,493,1807,11578,15108,3,226,396,2110,4607,4710,4751,3332,6544,30,0,0,0,162,591,743,473,1855,2311,2378
09/08/2020,26746,3339,441,8511,2334,24,18,73,203,274,445,493,1808,11607,15136,3,228,400,2125,4619,4718,4760,3338,6545,30,0,0,0,163,592,743,473,1856,2311,2378
10/08/2020,26779,3340,441,8514,2391,24,18,73,203,274,445,493,1809,11622,15154,3,230,404,2136,4619,4724,4765,3339,6549,24,0,0,0,164,592,744,473,1859,2312,2378
11/08/2020,26819,3342,441,8519,2465,24,18,74,204,274,445,493,1809,11643,15173,3,231,409,2144,4626,4733,4773,3339,6551,32,0,0,0,165,592,744,473,1861,2312,2378
12/08/2020,26906,3344,441,8525,2474,24,18,74,205,274,445,493,1810,11682,15221,3,234,416,2168,4645,4743,4782,3348,6557,31,0,0,0,166,592,744,474,1863,2314,2380
13/08/2020,26973,3347,442,8528,2477,24,18,74,205,275,446,493,1811,11718,15252,3,236,420,2184,4658,4755,4792,3351,6564,33,0,0,0,167,592,745,474,1867,2315,2382
14/08/2020,27171,3352,444,8546,2487,24,18,74,205,276,448,493,1813,11821,15347,3,241,437,2217,4702,4790,4821,3370,6580,34,0,0,0,168,593,746,474,1879,2317,2384
15/08/2020,27235,3352,444,8553,2497,24,18,74,205,276,448,493,1813,11855,15377,3,244,443,2229,4714,4800,4833,3375,6584,33,0,0,0,169,593,746,474,1883,2317,2384
16/08/2020,27288,3352,444,8560,2496,24,18,74,205,276,448,493,1813,11883,15402,3,246,451,2241,4724,4809,4838,3380,6586,31,0,0,0,170,593,746,474,1885,2317,2384
17/08/2020,27472,3355,444,8574,2520,24,18,74,205,277,449,493,1814,11956,15513,3,251,465,2277,4769,4846,4868,3390,6593,32,0,0,0,171,594,746,474,1890,2318,2385
18/08/2020,27526,3359,445,8578,2568,24,18,74,206,277,450,494,1815,11981,15542,3,253,469,2292,4780,4850,4876,3396,6597,29,0,0,0,172,594,747,474,1893,2319,2385
19/08/2020,27661,3360,445,8586,2577,24,18,74,206,277,450,494,1816,12036,15622,3,257,481,2329,4810,4873,4884,3411,6603,27,0,0,0,173,594,747,475,1896,2320,2387
20/08/2020,27736,3361,445,8591,2570,24,18,74,206,277,450,494,1817,12074,15659,3,260,486,2347,4828,4885,4891,3421,6605,30,0,0,0,174,595,747,475,1898,2320,2387
21/08/2020,27886,3363,445,8605,2579,24,18,74,207,277,450,494,1818,12150,15733,3,270,496,2375,4863,4909,4911,3433,6616,32,0,0,0,175,596,747,475,1904,2325,2387
22/08/2020,27946,3364,445,8611,2580,24,18,74,207,277,450,494,1819,12180,15763,3,271,500,2395,4873,4916,4923,3438,6617,29,0,0,0,176,596,748,475,1904,2326,2387
23/08/2020,28092,3370,447,8624,2584,24,18,75,208,277,451,497,1819,12260,15829,3,274,508,2442,4901,4934,4937,3452,6631,29,0,0,0,177,596,748,475,1912,2331,2388
24/08/2020,28183,3372,447,8627,2633,25,18,75,208,277,452,497,1819,12313,15867,3,277,519,2463,4915,4947,4953,3458,6638,31,0,0,0,178,596,748,475,1917,2333,2388
25/08/2020,28345,3376,447,8636,2649,25,18,77,208,278,453,497,1819,12395,15947,3,280,528,2503,4951,4965,4983,3470,6651,32,0,0,0,179,596,748,475,1924,2338,2389
26/08/2020,28438,3380,447,8651,2656,25,18,78,208,278,454,497,1821,12446,15989,3,284,537,2521,4966,4984,4997,3479,6656,35,0,0,0,180,597,749,475,1928,2339,2389
27/08/2020,28562,3385,447,8665,2734,25,18,78,209,278,454,498,1824,12513,16046,3,285,549,2553,4993,5010,5011,3486,6660,30,0,0,0,181,598,751,475,1930,2341,2389
28/08/2020,28702,3391,448,8682,2741,25,18,79,211,279,455,498,1825,12586,16113,3,289,561,2579,5022,5036,5030,3498,6672,34,0,0,0,182,599,751,475,1932,2348,2392
29/08/2020,28742,3394,448,8685,2741,25,18,79,211,279,455,499,1827,12605,16134,3,292,563,2590,5029,5042,5036,3500,6675,31,0,0,0,183,599,753,475,1932,2351,2392
30/08/2020,28795,3395,448,8695,2733,25,18,80,211,279,455,499,1827,12633,16159,3,293,568,2603,5039,5053,5039,3509,6676,30,0,0,0,184,599,753,475,1932,2352,2392
31/08/2020,29009,3403,448,8717,2783,25,18,80,211,279,455,500,1834,12735,16271,3,300,591,2651,5079,5084,5068,3524,6697,30,0,0,0,185,599,758,477,1940,2359,2398
01/09/2020,29098,3409,449,8727,2810,25,18,80,211,279,456,501,1838,12776,16319,3,302,603,2677,5090,5089,5079,3532,6711,31,0,0,0,186,599,758,481,1942,2366,2403
02/09/2020,29191,3413,449,8739,2826,25,18,80,211,279,456,502,1841,12828,16360,3,306,613,2696,5105,5105,5088,3541,6721,33,0,0,0,187,602,758,481,1948,2369,2404
03/09/2020,29287,3421,450,8762,2848,26,18,81,211,279,457,503,1845,12876,16408,3,313,623,2715,5122,5116,5102,3549,6731,31,0,0,0,188,602,759,484,1948,2371,2412
04/09/2020,29516,3429,451,8789,2865,26,18,83,211,280,457,503,1850,12992,16521,3,319,637,2763,5172,5158,5129,3566,6756,34,0,0,0,189,605,761,484,1963,2378,2415
05/09/2020,29654,3431,451,8816,2878,26,18,83,211,281,458,503,1850,13051,16600,3,326,641,2794,5197,5184,5148,3576,6772,35,0,0,0,190,605,761,484,1976,2380,2416
06/09/2020,29754,3435,452,8827,2885,26,18,84,211,281,458,504,1852,13096,16655,3,331,650,2818,5214,5203,5159,3583,6780,31,0,0,0,191,606,762,484,1979,2384,2417
07/09/2020,30060,3439,453,8853,2908,26,19,84,211,281,458,504,1855,13256,16801,3,347,682,2879,5276,5254,5193,3614,6799,31,0,0,0,192,607,763,485,1990,2388,2421
08/09/2020,30142,3443,454,8860,2933,26,19,84,211,281,460,504,1857,13285,16854,3,356,691,2891,5291,5264,5203,3618,6812,32,0,0,0,193,607,764,486,1996,2392,2424
09/09/2020,30337,3450,455,8879,2954,26,19,84,211,281,462,506,1860,13389,16945,3,359,720,2915,5330,5289,5235,3633,6840,36,0,0,0,194,610,764,486,2012,2398,2430
10/09/2020,30544,3458,455,8905,2985,26,19,84,212,281,464,507,1864,13489,17052,3,369,733,2961,5376,5325,5257,3653,6854,32,0,0,0,195,614,764,486,2024,2399,2431
11/09/2020,30702,3465,457,8919,3028,27,19,84,212,281,467,508,1866,13558,17141,3,376,747,2991,5404,5348,5281,3675,6864,34,0,0,0,196,615,764,487,2027,2403,2434
12/09/2020,30957,3475,459,8934,3035,28,19,85,213,282,468,511,1868,13690,17264,3,386,773,3046,5451,5384,5305,3699,6897,33,0,0,0,197,617,764,487,2051,2408,2438
13/09/2020,31161,3481,459,8945,3035,28,19,85,213,282,468,512,1873,13786,17372,3,389,783,3111,5473,5410,5342,3725,6912,36,0,0,0,198,620,766,487,2060,2413,2439
14/09/2020,31511,3494,462,8970,3074,28,19,87,214,282,471,514,1878,13969,17539,3,401,818,3200,5523,5448,5392,3761,6952,32,0,0,0,199,623,768,487,2091,2422,2439
15/09/2020,31756,3502,465,8989,3156,28,19,88,214,283,472,515,1882,14084,17669,3,412,846,3252,5563,5474,5429,3790,6974,32,0,0,0,200,627,768,487,2105,2429,2440
16/09/2020,31994,3520,466,9007,3252,29,19,88,215,285,473,519,1891,14203,17788,3,427,864,3285,5606,5509,5465,3819,7003,36,0,0,0,201,629,772,490,2121,2437,2445
17/09/2020,32242,3532,468,9022,3433,29,19,90,215,287,474,522,1895,14343,17896,3,433,889,3345,5643,5554,5501,3834,7027,34,0,0,0,202,631,774,490,2139,2442,2446
18/09/2020,32512,3541,469,9047,3489,29,19,91,215,287,478,522,1899,14483,18026,3,441,909,3410,5682,5599,5536,3868,7051,35,0,0,0,203,633,776,490,2153,2449,2449
19/09/2020,32903,3553,473,9074,3499,29,19,92,215,290,480,522,1905,14652,18248,3,454,933,3503,5756,5669,5590,3889,7093,32,0,0,0,204,636,777,492,2180,2456,2457
20/09/2020,33087,3565,475,9082,3521,29,19,92,215,290,483,525,1911,14748,18336,3,458,948,3542,5804,5693,5615,3900,7111,31,0,0,0,205,640,778,493,2191,2461,2459
21/09/2020,33415,3573,476,9107,3595,29,19,92,215,291,485,526,1915,14901,18511,3,470,985,3624,5857,5745,5651,3929,7138,30,0,0,0,206,641,780,494,2204,2470,2464
22/09/2020,33642,3578,476,9126,3699,29,19,92,216,292,485,527,1917,15013,18626,3,470,999,3699,5892,5774,5679,3955,7158,31,0,0,0,207,642,780,495,2217,2476,2465
23/09/2020,33962,3590,478,9153,3795,29,19,93,216,292,487,530,1923,15179,18780,3,479,1020,3765,5947,5829,5732,3985,7189,37,0,0,0,208,644,783,496,2231,2489,2469
24/09/2020,34286,3607,480,9181,3874,29,19,93,216,295,490,535,1929,15340,18943,3,483,1042,3852,6015,5872,5773,4018,7215,30,0,0,0,209,648,785,496,2247,2498,2470
25/09/2020,34534,3618,482,9201,3948,30,20,94,217,295,492,536,1933,15472,19059,3,491,1063,3916,6063,5898,5806,4042,7239,30,0,0,0,210,651,786,496,2263,2504,2472
26/09/2020,34962,3627,483,9222,3961,30,21,95,218,295,492,538,1937,15692,19267,3,500,1097,4028,6154,5958,5855,4071,7283,31,0,0,0,211,653,787,497,2287,2514,2482
27/09/2020,35345,3636,483,9236,3971,30,21,95,219,296,494,539,1941,15878,19464,3,506,1122,4125,6227,6007,5917,4110,7315,33,0,0,0,212,655,789,497,2306,2527,2482
28/09/2020,35702,3650,484,9272,4055,31,21,96,220,298,496,542,1945,16047,19652,3,514,1138,4220,6282,6061,5970,4150,7351,36,0,0,0,213,658,789,498,2329,2535,2487
29/09/2020,36130,3670,486,9308,4138,31,21,97,222,300,500,544,1954,16250,19877,3,531,1164,4329,6352,6116,6030,4198,7394,34,0,0,0,214,663,793,498,2349,2551,2494
30/09/2020,36569,3686,487,9345,4237,31,22,98,222,301,503,544,1964,16473,20093,3,539,1186,4425,6440,6196,6086,4250,7431,35,0,0,0,215,666,799,499,2370,2563,2498
01/10/2020,37027,3697,488,9386,4330,31,22,100,222,302,505,545,1969,16693,20331,3,551,1220,4535,6516,6275,6161,4290,7463,34,0,0,0,216,667,802,500,2391,2570,2502
02/10/2020,37631,3710,488,9415,4423,32,22,100,224,303,506,549,1973,17005,20623,3,570,1261,4686,6617,6374,6238,4357,7512,33,0,0,0,217,669,803,501,2418,2579,2515
03/10/2020,37992,3722,489,9439,4443,33,22,101,227,305,506,550,1977,17199,20790,3,581,1280,4781,6704,6429,6278,4391,7532,31,0,0,0,218,672,804,501,2430,2585,2517
04/10/2020,38508,3733,491,9485,4457,33,23,101,227,308,507,552,1981,17450,21055,3,596,1322,4910,6784,6517,6353,4433,7577,34,0,0,0,219,673,807,501,2455,2601,2521
05/10/2020,38934,3763,496,9538,4554,33,23,102,229,309,509,565,1992,17664,21267,3,605,1351,5025,6841,6571,6416,4492,7617,35,0,0,0,220,676,813,503,2469,2616,2532
06/10/2020,39536,3792,499,9586,4651,34,23,105,230,310,512,572,2005,17963,21570,3,623,1390,5173,6932,6630,6487,4568,7717,36,0,0,0,221,679,818,508,2505,2647,2565
07/10/2020,40039,3818,503,9635,4795,34,24,105,231,311,513,578,2021,18205,21831,3,635,1415,5322,7010,6691,6557,4616,7777,33,0,0,0,222,682,825,514,2541,2662,2574
08/10/2020,40652,3840,505,9682,4904,35,24,106,232,315,517,580,2030,18513,22136,3,651,1462,5510,7118,6783,6633,4665,7814,29,0,0,0,223,684,831,515,2560,2676,2578
09/10/2020,41651,3871,509,9748,4947,37,25,107,238,315,523,583,2042,19020,22628,3,682,1525,5803,7320,6906,6773,4751,7874,30,0,0,0,224,690,832,520,2600,2688,2586
10/10/2020,42449,3905,510,9786,4957,38,25,110,242,316,524,585,2063,19446,23000,3,702,1586,6014,7462,7027,6865,4828,7947,32,0,0,0,225,697,838,528,2639,2709,2599
11/10/2020,43265,3927,512,9836,4955,38,25,113,244,318,528,587,2072,19877,23385,3,725,1641,6233,7629,7126,6979,4901,8013,30,0,0,0,226,700,841,531,2675,2729,2609
12/10/2020,44071,3951,513,9893,5022,38,25,116,248,320,530,591,2081,20290,23778,3,745,1698,6478,7773,7223,7072,4979,8085,29,0,0,0,227,702,846,533,2713,2752,2620
13/10/2020,45143,3998,516,9969,5173,41,25,118,251,322,534,600,2105,20814,24325,4,770,1767,6794,7962,7370,7202,5081,8178,31,0,0,0,228,710,859,536,2766,2781,2631
14/10/2020,46349,4029,523,10046,5265,41,26,119,252,323,541,606,2119,21430,24915,4,806,1858,7130,8172,7548,7363,5192,8261,32,0,0,0,229,713,866,540,2819,2801,2641
15/10/2020,47343,4051,525,10106,5423,41,27,122,258,325,542,608,2126,21905,25434,4,846,1949,7394,8328,7705,7489,5292,8321,31,0,0,0,230,714,869,543,2860,2814,2647
16/10/2020,48610,4083,527,10164,5568,41,29,126,258,329,543,615,2140,22544,26062,4,877,2042,7757,8532,7886,7666,5425,8406,31,0,0,0,231,719,872,549,2911,2835,2660
17/10/2020,49856,4112,529,10203,5590,41,29,126,261,331,547,621,2154,23152,26700,4,922,2171,8053,8740,8058,7823,5550,8519,31,0,0,0,232,726,876,552,2972,2865,2682
18/10/2020,50856,4129,532,10229,5617,41,29,126,264,332,549,623,2163,23651,27201,4,960,2281,8315,8895,8194,7948,5653,8589,30,0,0,0,233,729,878,556,3013,2885,2691
19/10/2020,52105,4175,539,10277,5765,42,31,126,266,333,555,635,2185,24257,27844,4,1008,2391,8631,9054,8349,8119,5822,8710,34,0,0,0,234,734,890,561,3076,2923,2711
20/10/2020,53260,4234,545,10359,5900,42,32,128,270,334,560,650,2216,24791,28465,4,1051,2495,8910,9229,8497,8279,5934,8843,33,0,0,0,235,747,899,570,3132,2960,2751
21/10/2020,54320,4269,546,10409,6000,42,32,130,273,338,564,656,2232,25324,28992,4,1106,2602,9138,9403,8643,8412,6027,8967,32,0,0,0,236,752,905,575,3197,2991,2779
22/10/2020,55075,4291,547,10442,6143,42,32,130,274,339,566,657,2249,25749,29322,4,1136,2676,9314,9510,8759,8517,6116,9025,33,0,0,0,237,758,913,578,3226,3014,2785
23/10/2020,55913,4338,551,10488,6249,42,32,131,275,343,568,663,2282,26153,29756,4,1156,2765,9503,9637,8862,8636,6214,9118,34,0,0,0,238,773,929,580,3291,3036,2791
24/10/2020,56926,4357,553,10529,6257,42,32,134,276,344,569,666,2292,26657,30265,4,1210,2888,9744,9785,9012,8756,6321,9188,31,0,0,0,239,775,933,584,3330,3057,2801
25/10/2020,57856,4386,558,10560,6254,42,34,134,277,345,572,667,2313,27100,30752,4,1243,3006,9950,9920,9131,8881,6412,9291,32,0,0,0,240,786,940,587,3382,3092,2817
26/10/2020,58565,4397,559,10590,6291,42,34,135,277,346,573,668,2320,27445,31115,5,1273,3074,10106,10028,9228,8994,6487,9353,33,0,0,0,241,789,942,589,3418,3110,2825
27/10/2020,59228,4434,562,10624,6372,44,34,137,280,351,579,672,2335,27749,31474,5,1310,3143,10241,10124,9325,9095,6552,9416,34,0,0,0,242,790,949,596,3441,3134,2841
28/10/2020,60072,4475,566,10661,6494,45,34,139,281,357,584,675,2358,28160,31907,5,1335,3245,10406,10251,9447,9214,6633,9519,35,0,0,0,243,800,957,601,3493,3158,2868
29/10/2020,60826,4509,570,10702,6584,45,34,139,286,362,588,676,2377,28518,32303,5,1375,3330,10550,10353,9563,9324,6715,9594,35,0,0,0,244,808,965,604,3538,3174,2882
30/10/2020,61225,4528,572,10732,6678,45,35,141,287,363,589,679,2387,28694,32526,5,1388,3368,10636,10419,9617,9384,6756,9635,34,0,0,0,245,813,969,605,3564,3186,2885
31/10/2020,61763,4547,574,10763,6703,46,37,141,288,363,592,681,2397,28962,32794,7,1416,3454,10726,10481,9692,9462,6810,9700,35,0,0,0,246,817,972,608,3597,3209,2894
01/11/2020,62510,4567,577,10818,6708,47,38,143,289,366,592,685,2405,29306,33197,7,1451,3540,10871,10606,9814,9571,6869,9766,33,0,0,0,247,820,977,608,3629,3233,2904
02/11/2020,62820,4589,580,10850,6850,47,39,144,289,368,595,687,2418,29451,33362,7,1468,3576,10912,10657,9870,9606,6896,9811,37,0,0,0,248,826,983,609,3649,3250,2912
03/11/2020,63262,4625,584,10898,6945,48,39,147,289,369,598,692,2441,29657,33598,7,1494,3622,10970,10735,9929,9666,6951,9871,37,0,0,0,249,832,994,615,3673,3269,2929
04/11/2020,63842,4673,588,10978,7071,49,40,148,294,370,603,694,2473,29934,33901,7,1514,3664,11055,10839,10020,9758,7004,9964,38,0,0,0,250,846,1007,620,3714,3300,2950
05/11/2020,64335,4697,591,11040,7138,49,40,148,296,372,606,697,2487,30180,34147,8,1535,3715,11147,10936,10092,9822,7039,10025,32,0,0,0,251,850,1016,621,3740,3322,2963
06/11/2020,64666,4725,594,11079,7241,49,40,149,299,376,607,703,2500,30336,34322,8,1544,3757,11194,10985,10157,9872,7076,10057,37,0,0,0,252,857,1020,623,3760,3331,2966
07/11/2020,65185,4760,595,11129,7266,49,40,149,302,379,611,704,2524,30608,34569,8,1566,3803,11289,11076,10237,9947,7120,10123,35,0,0,0,253,861,1029,634,3790,3351,2982
08/11/2020,65449,4770,597,11164,7313,49,41,150,302,381,611,706,2528,30749,34692,8,1571,3842,11347,11113,10280,9982,7145,10145,34,0,0,0,254,862,1030,636,3806,3354,2985
09/11/2020,65716,4816,602,11220,7412,50,41,152,304,384,615,710,2558,30871,34837,8,1581,3858,11392,11152,10321,10019,7166,10203,41,0,0,0,255,876,1042,640,3835,3371,2997
10/11/2020,66075,4851,602,11295,7748,51,41,152,304,385,618,713,2585,31056,35011,8,1594,3887,11455,11201,10366,10091,7201,10256,41,0,0,0,256,883,1053,649,3854,3390,3012
11/11/2020,66466,4896,606,11341,7955,51,43,154,306,385,625,717,2613,31253,35205,8,1609,3922,11542,11259,10425,10138,7232,10315,34,0,0,0,257,891,1064,658,3874,3407,3034
12/11/2020,66943,4917,609,11411,8110,51,43,154,307,387,628,719,2626,31487,35448,8,1642,3967,11618,11339,10484,10205,7281,10383,35,0,0,0,258,893,1075,658,3892,3440,3051
13/11/2020,67398,4938,610,11460,8235,51,44,155,307,389,630,721,2639,31697,35693,8,1659,4025,11704,11417,10560,10259,7327,10423,33,0,0,0,259,895,1082,662,3906,3456,3061
14/11/2020,67768,4964,613,11509,8311,51,44,157,308,391,632,725,2654,31881,35879,8,1669,4065,11756,11479,10629,10309,7363,10474,38,0,0,0,260,901,1087,666,3935,3468,3071
15/11/2020,68218,4982,614,11588,8398,51,44,158,308,392,634,726,2667,32077,36133,8,1698,4105,11846,11554,10705,10376,7395,10515,33,0,0,0,261,903,1095,669,3949,3482,3084
16/11/2020,68578,5018,616,11668,8461,52,44,160,310,395,638,733,2684,32242,36328,8,1718,4142,11900,11606,10761,10433,7428,10566,38,0,0,0,262,909,1101,674,3971,3494,3101
17/11/2020,68959,5046,617,11730,8530,52,44,163,314,396,642,734,2699,32417,36534,8,1732,4187,11970,11664,10822,10497,7464,10599,36,0,0,0,263,915,1108,676,3989,3503,3107
18/11/2020,69378,5087,619,11783,8708,53,44,168,316,398,649,736,2721,32607,36762,9,1749,4219,12066,11733,10897,10546,7495,10649,34,0,0,0,264,919,1119,683,4011,3522,3116
19/11/2020,69708,5119,621,11822,8873,53,45,168,317,402,650,739,2743,32781,36918,9,1757,4263,12121,11782,10953,10587,7523,10697,37,0,0,0,265,928,1126,689,4028,3540,3129
20/11/2020,70042,5132,621,11862,9043,53,45,168,319,403,651,740,2751,32930,37103,9,1772,4306,12192,11836,11004,10634,7543,10730,32,0,0,0,266,928,1130,693,4044,3551,3135
21/11/2020,70348,5145,621,11880,9062,53,45,169,319,405,652,742,2758,33081,37258,9,1784,4346,12285,11877,11043,10663,7571,10754,28,0,0,0,267,930,1134,694,4058,3557,3139
22/11/2020,70597,5153,622,11897,9096,53,45,169,319,406,652,744,2763,33204,37384,9,1795,4377,12337,11908,11079,10702,7591,10783,34,0,0,0,268,931,1137,695,4072,3567,3144
23/11/2020,70823,5192,626,11932,9134,53,45,169,319,408,655,748,2793,33321,37493,9,1798,4393,12378,11942,11111,10731,7615,10830,41,0,0,0,269,936,1152,705,4082,3593,3155
24/11/2020,71079,5215,629,11960,9197,53,45,169,321,409,655,751,2810,33438,37632,9,1803,4432,12425,11976,11150,10763,7642,10863,35,0,0,0,270,943,1157,710,4101,3602,3160
25/11/2020,71411,5233,629,11998,9345,53,45,170,322,409,657,754,2821,33599,37803,9,1816,4467,12488,12030,11195,10819,7670,10900,35,0,0,0,271,946,1161,714,4116,3613,3171
26/11/2020,71612,5242,632,12027,9378,53,45,171,322,411,658,755,2825,33697,37906,9,1828,4492,12534,12051,11226,10852,7685,10918,34,0,0,0,272,947,1162,716,4124,3618,3176
27/11/2020,71849,5259,632,12041,9393,53,45,172,324,412,661,757,2833,33832,38008,9,1845,4518,12583,12085,11269,10876,7698,10949,32,0,0,0,273,949,1167,717,4133,3631,3185
28/11/2020,72145,5283,633,12086,9400,53,46,173,328,415,662,758,2846,33988,38148,9,1861,4559,12626,12134,11320,10911,7726,10982,34,0,0,0,274,956,1172,718,4148,3645,3189
29/11/2020,72447,5292,633,12127,9411,53,46,173,328,415,663,759,2853,34143,38295,9,1870,4592,12678,12186,11375,10954,7750,11016,35,0,0,0,275,958,1176,719,4162,3657,3197
30/11/2020,72716,5313,633,12168,9538,53,46,173,331,416,668,760,2864,34276,38431,9,1884,4620,12732,12219,11421,10993,7771,11050,35,0,0,0,276,960,1179,725,4174,3670,3206
01/12/2020,72983,5343,638,12210,9606,53,46,174,332,418,672,764,2882,34414,38560,9,1894,4654,12777,12252,11469,11027,7797,11087,37,0,0,0,277,967,1186,729,4188,3686,3213
02/12/2020,73164,5365,641,12233,9640,53,46,174,334,419,674,770,2893,34495,38660,9,1900,4675,12807,12283,11491,11050,7818,11114,36,0,0,0,278,971,1192,730,4198,3695,3221
03/12/2020,73428,5373,643,12266,9700,54,46,174,335,419,676,771,2896,34629,38790,9,1911,4719,12846,12330,11527,11088,7839,11142,33,0,0,0,279,972,1193,731,4210,3705,3227
04/12/2020,73873,5412,644,12339,9722,54,46,174,338,420,680,775,2923,34846,39018,9,1927,4767,12902,12412,11588,11148,7886,11217,38,0,0,0,280,984,1201,738,4240,3729,3248
05/12/2020,74171,5424,645,12365,9746,54,47,175,338,420,680,775,2933,34979,39183,9,1956,4819,12936,12456,11621,11187,7908,11262,32,0,0,0,281,989,1202,742,4261,3735,3266
06/12/2020,74412,5435,646,12403,9824,54,47,175,338,422,680,777,2940,35091,39312,9,1970,4851,12964,12490,11664,11220,7931,11296,37,0,0,0,282,992,1205,743,4276,3745,3275
07/12/2020,74623,5452,647,12431,9878,54,47,177,339,422,680,781,2950,35184,39430,9,1976,4877,12992,12527,11696,11255,7957,11317,36,0,0,0,283,999,1206,745,4288,3748,3281
08/12/2020,74843,5468,650,12463,9983,54,48,178,339,423,680,783,2961,35279,39555,9,1985,4902,13027,12560,11734,11288,7976,11345,37,0,0,0,284,1006,1209,746,4303,3754,3288
09/12/2020,75152,5487,652,12502,10048,55,48,179,341,424,682,789,2967,35441,39702,9,1996,4943,13066,12608,11781,11333,8024,11375,39,0,0,0,285,1010,1211,746,4320,3763,3292
10/12/2020,75464,5507,652,12545,10090,55,48,182,342,425,686,789,2978,35585,39870,9,2010,4972,13121,12666,11835,11386,8046,11402,34,0,0,0,286,1013,1216,749,4330,3773,3299
11/12/2020,75707,5520,653,12576,10117,55,48,183,343,425,688,791,2985,35708,39990,9,2020,5003,13155,12715,11873,11426,8065,11424,33,0,0,0,287,1015,1219,751,4337,3785,3302
12/12/2020,76133,5538,655,12630,10150,55,48,183,345,426,694,796,2989,35904,40220,9,2038,5061,13229,12788,11932,11494,8098,11467,34,0,0,0,288,1016,1220,753,4354,3801,3312
13/12/2020,76396,5548,657,12640,10180,55,48,184,345,428,695,797,2994,36033,40354,9,2040,5100,13274,12826,11980,11526,8119,11505,36,0,0,0,289,1017,1222,755,4367,3814,3324
14/12/2020,76725,5582,658,12672,10207,55,48,185,348,433,696,804,3011,36195,40521,9,2045,5138,13336,12872,12039,11565,8158,11546,37,0,0,0,290,1022,1232,757,4380,3832,3334
15/12/2020,77152,5602,661,12731,10245,55,48,186,348,435,696,807,3025,36376,40767,9,2063,5196,13399,12938,12118,11629,8206,11577,35,0,0,0,291,1027,1238,760,4394,3845,3338
16/12/2020,77634,5643,667,12791,10288,55,50,187,351,436,700,814,3048,36621,41004,9,2081,5234,13472,13026,12186,11708,8269,11632,37,0,0,0,292,1031,1251,766,4421,3865,3346
17/12/2020,78213,5663,669,12855,10339,55,50,189,353,436,702,816,3060,36932,41272,9,2100,5280,13544,13153,12270,11780,8347,11713,38,0,0,0,293,1037,1255,768,4457,3889,3367
18/12/2020,78740,5682,671,12900,10391,55,51,190,354,436,708,819,3067,37202,41529,9,2123,5339,13615,13250,12365,11863,8405,11754,36,0,0,0,294,1039,1259,769,4480,3902,3372
19/12/2020,79500,5712,677,12956,10397,56,53,192,355,439,709,825,3081,37606,41885,9,2155,5410,13775,13368,12498,11965,8481,11822,34,0,0,0,295,1043,1267,771,4519,3923,3380
20/12/2020,80226,5750,678,13042,10412,56,53,196,356,442,713,828,3104,37964,42253,9,2188,5479,13873,13502,12612,12072,8563,11911,36,0,0,0,296,1053,1276,775,4560,3951,3400
21/12/2020,81192,5790,679,13154,10471,56,53,198,357,446,717,834,3127,38433,42750,9,2237,5569,14022,13663,12784,12212,8665,12014,37,0,0,0,297,1058,1287,782,4608,3983,3423
22/12/2020,82127,5819,682,13248,10509,56,53,200,358,449,719,837,3145,38849,43269,9,2267,5638,14212,13820,12946,12342,8771,12105,36,0,0,0,298,1066,1290,789,4656,4008,3441
23/12/2020,83045,5855,689,13340,10557,56,54,203,362,452,724,842,3160,39289,43747,9,2305,5709,14404,13995,13090,12472,8861,12183,33,0,0,0,299,1068,1299,793,4700,4034,3449
24/12/2020,84062,5898,695,13423,10599,56,56,205,365,456,727,848,3183,39799,44254,9,2343,5787,14599,14188,13268,12604,8966,12281,35,0,0,0,300,1074,1308,801,4752,4061,3468
25/12/2020,85354,5938,702,13489,10599,57,57,207,369,460,730,855,3201,40462,44882,10,2378,5885,14889,14448,13436,12780,9121,12391,33,0,0,0,301,1080,1314,807,4807,4092,3492
26/12/2020,86096,5977,704,13552,10610,57,57,208,374,462,734,857,3226,40849,45237,10,2395,5926,15030,14621,13542,12878,9199,12479,34,0,0,0,302,1086,1329,811,4851,4125,3503
27/12/2020,86858,6001,706,13590,10615,58,58,209,376,462,736,858,3242,41250,45597,11,2429,5970,15185,14789,13671,12966,9276,12546,33,0,0,0,303,1090,1336,816,4886,4147,3513
28/12/2020,88403,6052,712,13709,10623,59,60,209,378,466,742,863,3273,42008,46384,11,2468,6083,15502,15114,13890,13173,9443,12704,34,0,0,0,304,1103,1349,821,4977,4192,3535
29/12/2020,90125,6131,717,13821,10648,60,62,212,387,469,749,877,3313,42865,47249,11,2507,6172,15899,15456,14159,13417,9633,12856,34,0,0,0,305,1114,1362,837,5063,4228,3565
30/12/2020,91731,6201,728,13965,10695,60,62,215,395,474,754,885,3354,43658,48060,13,2539,6248,16271,15807,14377,13642,9810,13011,34,0,0,0,306,1128,1375,851,5145,4269,3597
31/12/2020,93481,6290,734,14111,10736,60,64,225,401,484,766,896,3392,44505,48963,13,2574,6337,16653,16174,14628,13878,10016,13195,35,0,0,0,307,1143,1387,862,5247,4311,3637
01/01/2021,96863,6374,744,14419,10760,62,65,228,403,492,778,905,3439,46124,50725,14,2676,6525,17433,16784,15153,14360,10391,13515,35,0,0,0,308,1162,1405,872,5425,4393,3697
02/01/2021,101817,6494,760,14746,10762,64,66,229,405,503,801,928,3496,48536,53267,14,2786,6812,18431,17776,15904,15101,10994,13986,36,0,0,0,309,1180,1434,882,5715,4520,3751
03/01/2021,107918,6679,779,15203,10770,68,67,237,418,524,822,957,3584,51444,56459,15,2924,7154,19569,19059,16847,15978,11810,14550,36,0,0,0,310,1209,1474,901,6043,4677,3830
04/01/2021,113224,6806,793,15478,10814,69,67,244,427,535,835,973,3654,53988,59220,16,3043,7474,20618,20110,17673,16748,12479,15052,36,0,0,0,311,1231,1504,919,6326,4825,3901
05/01/2021,121023,7011,823,16024,10858,71,67,249,444,548,859,1005,3766,57722,63284,17,3192,7876,22133,21718,18931,17909,13451,15786,36,0,0,0,312,1271,1547,948,6715,5047,4024
06/01/2021,127528,7249,845,16545,10912,76,71,264,460,564,885,1036,3891,60790,66721,17,3323,8184,23358,23014,20032,18899,14283,16408,37,0,0,0,313,1324,1580,987,7063,5204,4141
07/01/2021,135766,7535,881,17252,10963,80,71,275,483,589,911,1084,4040,64642,71107,17,3463,8560,24909,24630,21418,20192,15313,17254,38,0,0,0,314,1380,1630,1030,7541,5441,4272
08/01/2021,140602,7706,903,17622,10984,83,71,278,489,597,929,1111,4146,66947,73638,17,3545,8792,25848,25546,22187,20909,15949,17798,38,0,0,0,315,1420,1670,1056,7824,5609,4365
09/01/2021,147433,7963,936,18311,10988,85,72,288,499,618,954,1146,4299,70196,77220,17,3669,9094,27123,26838,23310,22016,16793,18562,38,0,0,0,316,1466,1732,1101,8221,5835,4506
10/01/2021,152323,8138,955,18804,10989,87,73,291,506,626,970,1169,4414,72445,79861,17,3771,9348,28014,27688,24089,22773,17398,19214,39,0,0,0,317,1499,1787,1128,8558,6022,4634
11/01/2021,155393,8416,981,19258,11081,89,74,299,522,639,991,1203,4597,73864,81510,19,3828,9457,28468,28229,24591,23205,17812,19775,42,0,0,0,318,1555,1869,1173,8778,6222,4775
12/01/2021,158951,8662,1002,19730,11170,90,77,305,535,654,1015,1239,4745,75484,83448,19,3887,9612,28970,28848,25171,23856,18289,20290,42,0,0,0,319,1607,1923,1215,9014,6381,4895
13/01/2021,162897,8910,1024,20241,11204,92,79,310,555,666,1041,1277,4888,77311,85567,19,3961,9779,29531,29498,25844,24524,18817,20915,42,0,0,0,320,1646,1993,1249,9247,6614,5054
14/01/2021,166387,9175,1042,20758,11263,95,83,323,564,689,1072,1314,5033,78892,87475,20,4025,9926,30028,30077,26443,25112,19262,21486,42,0,0,0,321,1690,2047,1296,9466,6816,5204
15/01/2021,169608,9394,1057,21247,11275,97,84,331,574,700,1099,1340,5167,80385,89200,23,4101,10075,30463,30631,26982,25678,19660,21990,42,0,0,0,322,1718,2107,1342,9654,6985,5351
16/01/2021,172545,9517,1073,21690,11296,97,85,336,576,711,1109,1360,5241,81735,90787,23,4175,10237,30923,31138,27471,26151,20029,22385,40,0,0,0,323,1736,2140,1365,9810,7118,5457
17/01/2021,174655,9607,1086,22016,11368,98,85,341,580,719,1121,1372,5289,82729,91902,24,4214,10326,31268,31517,27857,26474,20278,22685,39,0,0,0,324,1748,2162,1379,9925,7216,5544
18/01/2021,176643,9803,1106,22393,11415,100,86,347,589,734,1135,1401,5409,83616,93001,26,4259,10423,31549,31863,28185,26788,20510,23029,42,0,0,0,325,1790,2203,1416,10058,7333,5638
19/01/2021,179116,9969,1118,22871,11461,100,86,358,593,745,1150,1421,5514,84709,94381,26,4302,10514,31858,32255,28633,27249,20816,23452,43,0,0,0,326,1813,2247,1454,10214,7468,5770
20/01/2021,181714,10121,1129,23328,11488,102,88,360,605,755,1165,1443,5601,85959,95729,26,4359,10619,32192,32720,29091,27721,21143,23831,42,0,0,0,327,1841,2283,1477,10368,7603,5860
21/01/2021,184079,10278,1143,23661,11518,105,89,367,610,766,1177,1462,5700,87106,96943,30,4418,10744,32529,33153,29480,28070,21433,24214,40,0,0,0,328,1869,2331,1500,10509,7738,5967
22/01/2021,185982,10390,1153,23932,11539,105,90,369,617,773,1186,1475,5773,87989,97961,32,4470,10834,32797,33509,29819,28366,21637,24512,40,0,0,0,329,1885,2361,1527,10606,7844,6062
23/01/2021,187351,10461,1161,24121,11561,105,90,369,624,776,1192,1483,5820,88629,98690,32,4497,10913,33000,33766,30052,28576,21806,24703,39,0,0,0,330,1898,2382,1540,10683,7909,6111
24/01/2021,188717,10549,1167,24373,11600,106,91,373,631,780,1199,1498,5869,89245,99439,33,4547,10978,33177,34006,30284,28789,21962,24936,41,0,0,0,331,1911,2403,1555,10754,7984,6198
25/01/2021,189633,10669,1175,24561,11627,107,91,378,634,786,1207,1508,5956,89661,99938,34,4570,11022,33296,34148,30417,28931,22063,25148,44,0,0,0,332,1927,2445,1584,10812,8067,6269
26/01/2021,190963,10775,1186,24787,11645,108,93,382,643,793,1215,1520,6019,90279,100650,34,4617,11087,33480,34353,30641,29139,22205,25403,43,0,0,0,333,1947,2472,1600,10907,8149,6347
27/01/2021,192422,10887,1192,24976,11667,110,94,385,655,801,1227,1529,6084,90970,101415,37,4654,11176,33698,34566,30891,29362,22356,25681,41,0,0,0,334,1969,2495,1620,10999,8244,6438
28/01/2021,193665,10987,1196,25164,11723,110,95,387,658,804,1240,1539,6152,91561,102066,38,4686,11239,33877,34778,31074,29559,22511,25903,42,0,0,0,335,1991,2521,1640,11079,8321,6503
29/01/2021,195027,11076,1206,25364,11727,114,97,391,666,813,1247,1554,6192,92204,102785,38,4735,11328,34064,35025,31313,29775,22653,26096,38,0,0,0,336,2004,2540,1648,11162,8384,6550
30/01/2021,196272,11162,1212,25555,11739,114,97,392,673,821,1255,1565,6243,92785,103448,39,4776,11394,34269,35223,31547,29946,22784,26295,39,0,0,0,337,2018,2560,1665,11231,8449,6615
31/01/2021,197330,11218,1218,25717,11802,114,97,392,677,824,1263,1575,6274,93295,103995,40,4800,11446,34423,35406,31738,30106,22900,26473,41,0,0,0,338,2030,2568,1676,11298,8500,6675
01/02/2021,198203,11309,1223,25868,11822,114,97,397,685,832,1269,1587,6326,93711,104451,41,4823,11498,34555,35530,31895,30238,22992,26634,41,0,0,0,339,2044,2591,1691,11341,8552,6741
02/02/2021,199210,11401,1232,26010,11847,114,97,402,695,838,1283,1596,6374,94176,104992,42,4858,11567,34695,35685,32059,30398,23099,26811,41,0,0,0,340,2055,2611,1708,11402,8607,6802
03/02/2021,200523,11511,1236,26149,11872,115,98,404,706,843,1295,1612,6435,94803,105677,43,4892,11656,34916,35893,32269,30591,23256,27011,40,0,0,0,341,2076,2634,1725,11487,8667,6857
04/02/2021,201565,11613,1241,26275,11900,116,98,409,710,853,1305,1629,6490,95309,106213,43,4926,11740,35079,36066,32418,30755,23377,27165,38,0,0,0,342,2088,2655,1747,11536,8726,6903
05/02/2021,202392,11677,1248,26353,11922,117,99,412,711,856,1312,1636,6531,95720,106629,43,4962,11814,35193,36186,32597,30884,23444,27273,38,0,0,0,343,2103,2670,1758,11576,8765,6932
06/02/2021,203415,11737,1256,26437,11922,118,99,414,714,864,1319,1644,6562,96209,107163,43,4991,11914,35402,36354,32755,31030,23543,27387,35,0,0,0,344,2111,2685,1766,11629,8801,6957
07/02/2021,204241,11797,1262,26522,11930,119,99,418,720,864,1325,1651,6598,96607,107590,44,5049,12000,35542,36480,32872,31150,23608,27501,35,0,0,0,345,2118,2701,1779,11668,8843,6990
08/02/2021,204794,11872,1270,26592,11955,119,102,421,723,875,1331,1660,6638,96892,107857,45,5071,12050,35631,36556,32969,31241,23656,27581,39,0,0,0,346,2131,2721,1786,11699,8877,7005
09/02/2021,205798,11955,1284,26666,11990,122,106,424,726,881,1344,1673,6676,97371,108382,45,5131,12157,35788,36731,33121,31372,23770,27689,35,0,0,0,347,2142,2740,1794,11751,8915,7023
10/02/2021,206660,12011,1292,26726,12034,124,107,428,730,887,1351,1681,6700,97769,108844,47,5170,12242,35934,36880,33266,31487,23855,27786,35,0,0,0,348,2148,2754,1798,11788,8956,7042
11/02/2021,207582,12088,1298,26796,12071,125,108,435,737,896,1356,1692,6736,98225,109310,47,5214,12331,36091,37054,33410,31597,23950,27895,34,0,0,0,349,2157,2770,1809,11832,8992,7071
12/02/2021,208657,12151,1303,26890,12112,127,108,439,746,899,1362,1699,6768,98747,109859,51,5262,12447,36344,37230,33569,31725,24046,27994,32,0,0,0,350,2168,2784,1816,11887,9022,7085
13/02/2021,209442,12187,1306,26933,12115,127,109,441,747,903,1365,1704,6788,99160,110231,51,5317,12543,36507,37359,33681,31829,24103,28063,31,0,0,0,351,2176,2789,1823,11919,9040,7104
14/02/2021,210260,12229,1312,26979,12115,129,109,443,750,906,1372,1708,6809,99588,110620,52,5364,12633,36692,37484,33803,31933,24172,28139,31,0,0,0,352,2181,2797,1831,11954,9062,7123
15/02/2021,211001,12301,1316,27025,12177,131,109,446,755,908,1383,1718,6848,99963,110985,53,5403,12721,36863,37601,33895,32014,24233,28231,30,0,0,0,353,2191,2819,1838,11988,9108,7135
16/02/2021,211647,12363,1322,27068,12217,131,109,448,763,913,1392,1724,6880,100289,111305,53,5430,12767,37004,37691,34005,32113,24289,28308,37,0,0,0,354,2200,2831,1849,12016,9139,7153
17/02/2021,212546,12438,1329,27127,12237,131,109,451,769,920,1398,1738,6919,100764,111727,55,5468,12839,37168,37852,34160,32226,24375,28418,36,0,0,0,355,2218,2844,1857,12062,9178,7178
18/02/2021,213307,12489,1333,27178,12267,133,110,457,773,924,1399,1745,6945,101138,112113,56,5511,12909,37352,37981,34279,32306,24435,28494,30,0,0,0,356,2228,2855,1862,12098,9197,7199
19/02/2021,214290,12550,1338,27234,12267,134,111,462,775,935,1404,1754,6972,101623,112610,57,5578,13006,37571,38120,34441,32413,24520,28601,32,0,0,0,357,2240,2863,1869,12141,9234,7226
20/02/2021,214967,12583,1338,27282,12296,135,111,465,777,939,1407,1761,6985,101958,112952,57,5621,13082,37720,38228,34546,32480,24587,28663,32,0,0,0,358,2244,2867,1874,12176,9250,7237
21/02/2021,215650,12619,1343,27340,12317,138,113,467,781,944,1415,1765,6993,102285,113308,57,5666,13157,37843,38335,34643,32588,24662,28716,34,0,0,0,359,2247,2870,1876,12204,9265,7247
22/02/2021,216225,12669,1345,27381,12392,138,113,468,786,949,1420,1768,7024,102561,113607,57,5701,13228,37961,38414,34730,32650,24714,28787,32,0,0,0,360,2255,2884,1885,12227,9296,7264
23/02/2021,216799,12704,1348,27426,12462,139,113,474,788,953,1427,1771,7036,102847,113895,57,5732,13276,38083,38502,34828,32727,24763,28848,34,0,0,0,361,2259,2888,1889,12250,9317,7281
24/02/2021,217407,12734,1351,27469,12524,139,113,476,790,954,1433,1777,7048,103153,114197,57,5760,13321,38215,38603,34924,32808,24819,28916,34,0,0,0,362,2263,2893,1892,12282,9336,7298
25/02/2021,218180,12777,1356,27508,12580,139,113,480,792,960,1442,1777,7070,103549,114574,57,5803,13398,38363,38729,35046,32939,24861,29000,34,0,0,0,363,2271,2903,1896,12312,9367,7321
26/02/2021,218912,12808,1359,27544,12643,140,114,481,794,964,1443,1782,7086,103900,114953,59,5871,13481,38492,38862,35155,33021,24928,29061,31,0,0,0,364,2279,2906,1901,12341,9387,7333
27/02/2021,219514,12837,1365,27579,12661,142,115,481,796,966,1450,1786,7097,104194,115260,60,5906,13546,38615,38972,35258,33101,24978,29097,32,0,0,0,365,2280,2912,1905,12356,9401,7340
28/02/2021,220199,12859,1368,27611,12670,143,116,482,798,966,1452,1788,7110,104545,115593,61,5956,13638,38759,39089,35340,33187,25036,29153,30,0,0,0,366,2285,2917,1908,12386,9416,7351
01/03/2021,220557,12884,1369,27635,12762,143,116,484,799,966,1457,1789,7126,104708,115788,61,5980,13675,38828,39138,35397,33236,25071,29191,34,0,0,0,367,2291,2924,1911,12404,9428,7359
02/03/2021,221114,12915,1373,27673,12861,143,116,485,806,970,1460,1797,7134,104986,116066,62,6014,13734,38924,39236,35487,33316,25130,29232,34,0,0,0,368,2294,2928,1912,12428,9440,7364
03/03/2021,221565,12950,1376,27700,12936,143,116,488,810,974,1464,1801,7150,105204,116298,63,6043,13778,39026,39308,35551,33369,25178,29271,31,0,0,0,369,2299,2936,1915,12447,9456,7368
04/03/2021,222083,12979,1378,27725,13008,144,116,489,814,977,1469,1805,7161,105479,116541,63,6076,13842,39098,39407,35632,33438,25239,29310,33,0,0,0,370,2302,2940,1919,12469,9467,7374
05/03/2021,222618,13011,1381,27744,13067,147,116,490,816,982,1473,1810,7173,105774,116779,65,6103,13891,39198,39507,35723,33494,25295,29366,33,0,0,0,371,2305,2947,1921,12504,9480,7382
06/03/2021,223143,13037,1382,27761,13087,148,116,492,818,987,1475,1811,7186,106044,117034,65,6141,13960,39301,39605,35804,33545,25332,29413,31,0,0,0,372,2308,2953,1925,12529,9497,7387
07/03/2021,223577,13059,1385,27776,13103,149,116,494,818,989,1477,1815,7197,106259,117252,66,6171,14013,39381,39666,35888,33595,25361,29460,33,0,0,0,373,2309,2962,1926,12555,9515,7390
08/03/2021,223888,13087,1386,27803,13211,151,116,494,819,991,1481,1821,7210,106418,117403,67,6198,14042,39440,39711,35928,33645,25386,29496,34,0,0,0,374,2313,2967,1930,12573,9528,7395
09/03/2021,224519,13117,1391,27844,13291,152,116,499,821,992,1481,1826,7226,106735,117717,67,6245,14110,39587,39827,36020,33732,25423,29533,29,0,0,0,375,2319,2974,1933,12594,9540,7399
10/03/2021,225110,13136,1394,27874,13326,154,117,500,821,993,1485,1829,7233,107036,118006,68,6280,14179,39701,39931,36125,33804,25468,29580,32,0,0,0,376,2323,2976,1934,12620,9555,7405
11/03/2021,225754,13172,1399,27900,13326,154,117,501,822,1000,1492,1832,7250,107347,118337,70,6314,14269,39842,40034,36232,33875,25519,29627,30,0,0,0,377,2328,2983,1939,12647,9569,7411
12/03/2021,226295,13203,1403,27926,13326,154,117,505,829,1003,1495,1835,7261,107616,118609,70,6339,14354,39963,40118,36312,33926,25563,29678,29,0,0,0,378,2332,2987,1942,12672,9588,7418
13/03/2021,226678,13219,1404,27946,0,154,119,509,830,1004,1496,1837,7266,107812,118796,70,6361,14400,40038,40184,36385,33972,25596,29700,31,0,0,0,379,2334,2990,1942,12686,9595,7419
14/03/2021,227251,13246,1409,27960,0,154,119,510,833,1006,1501,1841,7278,108103,119078,70,6411,14496,40127,40273,36479,34039,25639,29745,30,0,0,0,380,2337,2997,1944,12711,9608,7426
15/03/2021,227596,13293,1411,27972,0,154,119,512,834,1014,1504,1845,7307,108273,119253,70,6431,14546,40180,40330,36540,34071,25663,29793,33,0,0,0,381,2349,3009,1949,12735,9624,7434
16/03/2021,228153,13325,1414,27997,0,156,119,514,837,1016,1505,1847,7327,108535,119548,70,6494,14634,40264,40421,36624,34134,25699,29841,29,0,0,0,382,2362,3015,1950,12768,9635,7438
17/03/2021,228727,13349,1418,28021,0,157,120,517,840,1020,1507,1848,7336,108823,119834,70,6544,14719,40346,40520,36735,34206,25742,29873,32,0,0,0,383,2368,3017,1951,12789,9643,7441
18/03/2021,229230,13385,1426,28031,0,158,120,519,841,1025,1511,1855,7352,109070,120090,70,6582,14798,40412,40605,36821,34268,25778,29924,33,0,0,0,384,2376,3021,1955,12816,9656,7452
19/03/2021,229752,13427,1429,28047,0,158,120,520,844,1026,1514,1863,7378,109327,120354,71,6630,14870,40475,40685,36913,34331,25825,29981,34,0,0,0,385,2382,3035,1961,12842,9679,7460
20/03/2021,230516,13466,1431,28076,0,158,122,522,847,1028,1518,1868,7399,109708,120735,73,6703,14978,40577,40832,37052,34404,25879,30049,32,0,0,0,386,2389,3045,1965,12877,9704,7468
21/03/2021,231035,13483,1434,28095,0,158,123,523,848,1032,1518,1870,7407,109965,120997,73,6772,15076,40645,40912,37146,34455,25902,30085,28,0,0,0,387,2392,3048,1967,12891,9721,7473
22/03/2021,231406,13506,1435,28102,0,159,126,525,851,1034,1519,1873,7415,110148,121185,73,6808,15158,40685,40970,37210,34496,25929,30108,30,0,0,0,388,2394,3053,1968,12902,9731,7475
23/03/2021,232085,13534,1436,28131,0,160,127,525,855,1038,1520,1880,7425,110470,121542,73,6864,15270,40780,41087,37341,34564,25982,30155,32,0,0,0,389,2397,3057,1971,12925,9747,7483
24/03/2021,232689,13561,1439,28152,0,161,127,526,856,1040,1523,1882,7442,110767,121848,74,6906,15369,40863,41198,37458,34622,26031,30200,33,0,0,0,390,2406,3061,1975,12952,9759,7489
25/03/2021,233273,13597,1444,28173,0,164,128,528,857,1045,1525,1887,7459,111065,122134,74,6958,15440,40957,41277,37583,34690,26071,30255,34,0,0,0,391,2413,3070,1976,12984,9777,7494
26/03/2021,233896,13622,1445,28197,0,164,128,528,858,1050,1528,1891,7471,111375,122447,74,7015,15530,41052,41382,37703,34773,26114,30285,32,0,0,0,392,2419,3074,1978,13001,9787,7497
27/03/2021,234497,13639,1446,28208,0,165,128,529,862,1053,1531,1891,7476,111677,122746,74,7080,15637,41158,41467,37803,34842,26150,30318,27,0,0,0,393,2422,3075,1979,13023,9795,7500
28/03/2021,235036,13649,1447,28224,0,165,128,530,862,1053,1532,1893,7482,111965,122995,76,7130,15736,41230,41540,37904,34902,26201,30351,32,0,0,0,394,2425,3076,1981,13043,9806,7502
29/03/2021,235401,13684,1450,28239,0,165,130,531,862,1055,1537,1901,7499,112148,123177,76,7151,15795,41283,41591,37963,34957,26229,30390,34,0,0,0,395,2433,3080,1986,13066,9816,7508
30/03/2021,235812,13712,1456,28249,0,165,130,531,863,1059,1545,1904,7511,112350,123386,76,7169,15868,41343,41641,38048,35019,26261,30421,35,0,0,0,396,2441,3082,1988,13087,9823,7511
31/03/2021,236563,13731,1457,28271,0,166,131,532,866,1061,1546,1908,7517,112727,123758,78,7233,15973,41456,41756,38194,35110,26326,30473,33,0,0,0,397,2443,3084,1990,13121,9836,7516
01/04/2021,237151,13762,1458,28288,0,166,131,535,869,1065,1552,1911,7529,113022,124051,78,7273,16071,41545,41856,38289,35183,26372,30520,31,0,0,0,398,2446,3089,1994,13144,9852,7524
02/04/2021,237659,13785,1460,28312,0,169,133,535,871,1072,1556,1912,7533,113263,124317,79,7303,16158,41616,41942,38394,35241,26415,30548,33,0,0,0,399,2447,3090,1996,13160,9859,7529
03/04/2021,238112,13796,1462,28321,0,169,133,536,872,1074,1557,1915,7536,113512,124521,79,7336,16213,41702,42009,38478,35298,26457,30577,32,0,0,0,400,2447,3092,1997,13180,9864,7533
04/04/2021,238429,13808,1463,28327,0,169,133,536,876,1075,1561,1915,7539,113676,124674,79,7356,16263,41761,42067,38537,35335,26476,30592,30,0,0,0,401,2447,3095,1997,13188,9870,7534
05/04/2021,238872,13815,1465,28336,0,169,133,536,877,1075,1563,1916,7542,113916,124877,79,7382,16354,41830,42136,38616,35386,26508,30618,31,0,0,0,402,2448,3097,1997,13208,9876,7534
06/04/2021,239291,13847,1465,28349,0,169,133,537,881,1078,1571,1920,7554,114132,125078,81,7410,16432,41902,42198,38682,35431,26544,30650,30,0,0,0,403,2451,3104,1999,13225,9889,7536
07/04/2021,239685,13865,1467,28361,0,170,134,537,884,1080,1571,1923,7562,114336,125268,81,7436,16476,41953,42271,38771,35485,26578,30673,35,0,0,0,404,2453,3107,2002,13236,9898,7539
08/04/2021,240152,13885,1472,28378,0,170,134,538,888,1081,1573,1926,7571,114558,125513,81,7457,16560,42047,42352,38849,35537,26610,30698,29,0,0,0,405,2456,3112,2003,13253,9905,7540
09/04/2021,240607,13912,1476,28396,0,171,135,540,888,1082,1578,1929,7585,114774,125751,82,7476,16628,42144,42430,38937,35586,26640,30724,30,0,0,0,406,2462,3117,2006,13270,9911,7543
10/04/2021,240910,13925,1477,28406,0,171,136,540,890,1088,1579,1931,7586,114942,125886,82,7497,16674,42191,42485,38994,35619,26668,30740,32,0,0,0,407,2462,3118,2006,13280,9916,7544
11/04/2021,241303,13938,1477,28423,0,172,136,541,895,1089,1579,1933,7589,115121,126100,82,7526,16727,42253,42554,39076,35662,26703,30760,33,0,0,0,408,2463,3119,2007,13291,9924,7545
12/04/2021,241658,13965,1483,28440,0,172,136,541,898,1094,1584,1939,7597,115285,126291,82,7549,16777,42312,42620,39139,35708,26733,30778,31,0,0,0,409,2465,3121,2011,13300,9928,7550
13/04/2021,242087,13984,1484,28460,0,172,139,542,900,1097,1587,1943,7600,115488,126516,83,7572,16846,42372,42694,39215,35777,26776,30793,33,0,0,0,410,2466,3123,2011,13311,9932,7550
14/04/2021,242393,14002,1485,28470,0,172,139,542,902,1099,1591,1946,7607,115655,126655,83,7595,16885,42421,42737,39279,35819,26799,30816,34,0,0,0,411,2470,3126,2011,13327,9939,7550
15/04/2021,242812,14022,1489,28481,0,172,139,543,905,1102,1595,1947,7615,115872,126855,85,7619,16950,42496,42805,39357,35877,26826,30840,32,0,0,0,412,2473,3130,2012,13344,9945,7551
16/04/2021,243231,14032,1491,28491,0,173,139,544,906,1102,1598,1948,7618,116083,127061,87,7647,17015,42559,42889,39427,35929,26865,30858,32,0,0,0,413,2475,3131,2012,13356,9949,7553
17/04/2021,243501,14041,1492,28505,0,173,139,545,907,1102,1600,1949,7622,116218,127196,87,7660,17055,42605,42937,39469,35969,26891,30873,31,0,0,0,414,2479,3131,2012,13366,9953,7554
18/04/2021,243900,14059,1494,28524,0,173,139,546,908,1105,1605,1955,7624,116428,127385,87,7693,17101,42690,43003,39532,36028,26923,30888,30,0,0,0,415,2480,3132,2012,13379,9954,7555
19/04/2021,244289,14086,1494,28539,0,173,139,548,910,1108,1613,1958,7633,116644,127558,87,7705,17150,42757,43071,39596,36078,26966,30924,34,0,0,0,416,2486,3134,2013,13407,9958,7559
20/04/2021,244690,14107,1495,28552,0,173,140,550,913,1113,1613,1962,7639,116862,127741,87,7734,17209,42830,43137,39663,36133,26993,30949,31,0,0,0,417,2489,3136,2014,13420,9966,7563
21/04/2021,245304,14129,1496,28559,0,174,141,553,915,1115,1616,1965,7646,117161,128056,87,7763,17297,42941,43235,39765,36229,27038,30994,33,0,0,0,418,2495,3137,2014,13448,9981,7565
22/04/2021,245737,14142,1498,28569,0,174,142,555,916,1118,1616,1967,7650,117388,128260,89,7779,17355,43033,43310,39845,36284,27075,31014,31,0,0,0,419,2496,3139,2015,13462,9984,7568
23/04/2021,246197,14151,1498,28576,0,174,142,555,918,1121,1617,1968,7652,117624,128484,89,7815,17435,43120,43379,39917,36349,27108,31032,28,0,0,0,420,2496,3140,2016,13476,9986,7570
24/04/2021,246624,14159,1498,28583,0,175,142,557,919,1121,1620,1968,7653,117864,128671,89,7838,17503,43204,43464,39989,36400,27131,31053,29,0,0,0,421,2496,3141,2016,13493,9989,7571
25/04/2021,247061,14168,1499,28597,0,175,142,557,921,1124,1622,1968,7655,118084,128888,89,7871,17568,43284,43548,40059,36463,27154,31072,29,0,0,0,422,2498,3141,2016,13504,9996,7572
26/04/2021,247486,14192,1502,28603,0,177,146,561,925,1125,1627,1970,7657,118288,129109,89,7906,17630,43374,43611,40125,36519,27190,31089,29,0,0,0,423,2499,3142,2016,13512,10004,7573